jump_rate,method,theta_mae,theta_rmse,sigma_mae,sigma_rmse,n_valid
0.0,MLE,0.028296957549266276,0.03673055789729078,0.04680637893907568,0.05790701990109346,200
0.0,LSTM,0.020725881721638143,0.02375446949235562,0.053823397057461426,0.07020344942667057,200
0.02,MLE,0.39625858825753096,0.46413160418509597,2.0300921043890487,2.3462940439528768,200
0.02,LSTM,0.04526206308673136,0.06451223902767819,0.5994722989306092,0.7483092039070645,200
0.05,MLE,0.9145970417607546,0.9735717731436846,4.635134683463086,4.957231155627273,200
0.05,LSTM,0.12964934417244514,0.147960900575557,1.5250567289463735,1.723153219220345,200
0.1,MLE,2.0255726847160065,3.745889086614989,8.741328799630107,9.964886740901257,200
0.1,LSTM,0.2547473423246294,0.26390961763260457,2.878509562100443,3.0872952839206094,200
